Wavelength	Pin 1	Pin 2	Pin 3	Pin 4	Pin 5	Pin 6	Pin 7	Pin 8	Pin 9	Pin 10	Pin 11	Pin 12	Pin 13	Pin 14	Pin 15	Pin 16	Pin 17	Pin 18	Pin 19	Pin 20	Pin 21	Pin 22	Pin 23	Pin 24	Pin 25	Pin 26	Pin 27	Pin 28	Pin 29	Pin 30	Pin 31	Pin 32	Pin 33	Pin 34	Pin 35	Pin 36	Pin 37	Pin 38	Pin 39	Pin 40	Pin 41	Pin 42	Pin 43	Pin 44	Pin 45	Pin 46	Pin 47	Pin 48	Pin 49	Pin 50	Pin 51	Pin 52	Pin 53	Pin 54	Pin 55	Pin 56	Pin 57	Pin 58	Pin 59	Pin 60	Pin 61	Pin 62	Pin 63	Pin 64	Pin 65	Pin 66	Pin 67	Pin 68	Pin 69	Pin 70	Pin 71	Pin 72	Pin 73	Pin 74	Pin 75	Pin 76	Pin 77	Pin 78	Pin 79
400.0	86.23095988389105	86.46804969757795	89.00630534999073	87.19326559826732	86.8864434864372	86.66330013237894	86.85855056717992	87.59771292749792	87.2211585175246	88.4623934244737	87.3885160330683	87.69533814489841	88.18346423190087	89.14576994627714	87.84874920081347	88.50423280335963	87.48614125046879	88.29503590893	88.1276783933863	88.6297509400174	88.67159031890333	88.50423280335963	89.18760932516307	88.69948323816061	88.83894783444703	88.85289429407567	88.65764385927469	89.10393056739122	88.0579460952431	89.31312746182084	89.61994957365096	89.42469913884997	88.47633988410234	88.57396510150284	88.57396510150284	88.29503590893	88.00216025672853	88.43450050521642	88.3926611263305	88.85289429407567	88.16951777227223	88.11373193375766	88.19741069152951	88.5600186418742	88.81105491518974	88.49028634373099	89.02025180961937	89.34102038107812	88.54607218224555	88.53212572261691	88.61580448038876	88.01610671635717	87.70928460452706	87.82085628155619	87.75112398341298	87.40246249269694	87.47219479084015	87.40246249269694	87.84874920081347	87.45824833121151	88.69948323816061	89.36891330033541	89.6338960332796	90.14991503953934	89.75941416993737	90.51252298988402	89.00630534999073	89.85703938733786	89.71757479105145	88.67159031890333	89.60600311402231	90.10807566065341	90.02439690288156	88.71342969778925	90.4706836109981	88.51817926298827	88.16951777227223	88.42055404558778	88.04399963561445
412.5	90.2970688836649	90.44432874396443	93.41630047000945	90.81917202472687	90.71207394450903	90.60497586429119	90.53803956415504	90.95304462499917	91.16724078543484	92.01063816715032	91.1003044852987	91.23417708557099	91.67595666646957	93.10839348938316	91.56885858625174	91.97047638706863	90.9262701049447	92.07757446728647	92.15789802744985	92.25160884764045	92.26499610766768	92.34531966783106	92.9477463690564	91.97047638706863	92.17128528747708	92.15789802744985	92.10434898734093	92.59967760834843	91.42159872595221	92.47919226810336	93.4832367701456	92.82726102881134	92.21144706755877	91.90354008693248	91.79644200671464	91.58224584627897	91.93031460698694	91.90354008693248	91.9570891270414	91.83660378679633	91.58224584627897	91.89015282690525	91.52869680617005	91.94370186701417	91.97047638706863	92.39886870793998	92.42564322799444	92.74693746864796	91.80982926674187	91.66256940644234	92.14451076742262	91.15385352540761	90.9262701049447	91.1940153054893	90.8325592847541	90.52465230412781	90.64513764437288	90.87272106483579	90.77901024464518	90.79239750467241	92.77371198870242	93.32258964981884	93.4832367701456	94.12582525145262	93.67065841052681	94.12582525145262	92.66661390848458	93.81791827082634	93.51001129020005	92.34531966783106	93.00129540916532	93.8446927908808	94.04550169128925	91.97047638706863	94.206148811616	91.89015282690525	91.58224584627897	91.71611844655126	91.00659366510808
442.5	80.80929717049003	80.62707536388189	85.38913857657462	81.40455507207662	80.49344603903592	80.29907611198723	79.20574527233839	80.84574153181165	80.10470618493855	81.50174003560096	80.517742279917	80.80929717049003	81.18588890414685	83.17818065639585	80.6027791230008	81.61107311956584	79.9467806192115	81.22233326546848	81.16159266326576	82.24277538247406	81.53818439692259	81.74470244441181	82.77729268185794	81.50174003560096	81.55033251736313	81.5138881560415	81.73255432397127	82.21847914159298	80.44485355727375	82.64366335701197	83.37255058344454	82.25492350291461	80.97937085665762	81.05225957930088	81.18588890414685	80.44485355727375	80.37196483463049	81.06440769974142	81.39240695163608	80.87003777269274	80.45700167771429	80.35981671418995	80.56633476167917	81.38025883119553	81.30737010855228	81.16159266326576	81.74470244441181	81.82973928749561	80.517742279917	80.72426032740623	81.04011145886034	80.4327054368332	79.46085580158979	80.11685430537909	79.70381821040064	79.37581895850599	79.3515227176249	79.42441144026816	79.81315129436553	79.54589264467359	82.54647839348763	83.7612904375419	84.12573405075818	84.85462127719074	84.1864746529609	84.97610248159617	82.16988665983081	84.36869645956904	83.44543930608779	81.46529567427933	82.78944080229849	84.21077089384198	84.42943706177175	81.24662950634956	84.7574363136664	80.72426032740623	80.25048363022506	81.24662950634956	80.12900242581964
490.0	64.47643494326621	63.8082853583619	71.86063983850181	65.27130255289376	63.87740428093821	63.186215055175126	60.0413040779531	62.46046636812389	60.51361671555787	62.55262493155897	61.33152396604419	63.059497030451894	62.33374834340066	66.15832872595638	61.12416719831526	63.186215055175126	60.225621204823256	62.39134744554758	62.49502582941204	64.30363763682544	63.013417748734355	63.30141325946897	64.14236015081406	63.08253667131066	63.47421056590974	63.15165559388697	62.75998169928789	64.32667727768421	61.33152396604419	64.62619260884821	65.6168971657753	64.07324122823775	62.621743854135275	62.5295852907002	62.61022403370589	61.23936540260911	60.82465186715126	61.90751498751342	61.861435705795884	62.26462942082435	61.273924863897264	61.10112755745649	61.12416719831526	62.55262493155897	62.72542223799974	62.36830780468881	62.5295852907002	63.22077451646328	61.5504005542025	61.23936540260911	61.78079696279019	60.052823898382485	59.880026591941714	59.79938784893602	59.64963018335402	59.03907970059663	59.25795628875494	59.43075359519571	59.93762569408864	59.60355090163648	65.75513501092792	67.344870230183	68.03605945594609	68.53141173440963	67.8056630473584	68.33557478711009	64.15387997124344	67.05687471944839	66.18136836681515	62.230069959536195	64.99482686258852	67.51766753662378	67.75958376564085	62.95581864658743	68.35861442796886	62.17247085738927	61.51584109291434	62.06879247352481	60.467537433840334
510.0	58.047745609655976	56.95745751820505	66.08357265405357	58.966414279304445	57.48241104371846	57.310791621915996	52.101637407206	55.79650260601193	53.12125867791474	55.13021543901414	54.45383301191032	56.42240873258561	55.04945335816592	59.57212988566607	53.56545012257993	55.65516896452755	52.86887717526406	55.01916757784784	55.20088225975633	57.40164896287024	55.412882721982896	56.20031301025301	57.37136318255216	56.05897936876863	56.52336133364588	56.31136087141931	55.44316850230098	57.0886958995834	53.8884984459728	57.704506766051054	58.996700059622526	57.139172200113535	55.382596941664815	55.1907869996503	55.47345428261906	53.71687902417034	53.525069082155824	54.716309774667025	54.716309774667025	55.18069173954427	53.9995463071391	53.36354492045939	53.47459278162569	54.928310236893594	55.49364480283111	55.281644340604544	55.140310699120164	56.220503530465066	54.14087994862348	53.47459278162569	54.13078468851745	52.97992503643036	52.19249474816024	52.48525729123503	51.93001798540354	51.71801752317697	51.45554076042026	51.84925590455532	52.2126852683723	51.95020850561559	59.249081562273204	60.91479947976768	61.79308710899204	61.93442075047642	61.39937196485698	62.15651647280902	57.02812433894724	60.34946491383016	59.319748383015394	54.86773867625743	57.684316245839	60.87441843934357	60.80375161860138	55.71574052516371	61.41956248506904	54.63554769381881	53.96926052682102	54.68602399434894	52.75782931409776
560.0	42.99122482538223	41.79290620237589	52.02185279875994	44.05365164577961	42.26235061138868	41.87938280403614	36.02368149161339	40.606941379606724	36.92550890892744	38.88976314663887	38.16088893264532	40.86637118458748	38.840347945690155	43.905406042933464	37.64202932268381	39.161546751856804	36.55489490181208	38.7538713440299	39.18625435233116	41.37287699431181	39.06271634995937	39.79159056395292	41.15050859004259	39.70511396229267	40.24868117272854	40.23632737249136	38.9885935485363	40.42163437604904	37.5308451205492	41.4964149966836	42.336473412811756	40.74283318221569	38.87740934640169	38.939178347587585	39.136839151382446	37.506137520074844	37.197292514145374	38.27207313477993	38.37090353667736	38.79093274474144	37.802628725767136	36.9502165094018	37.34553811699152	38.28442693501711	39.19860815256834	38.939178347587585	38.86505554616451	39.53216075897217	37.72850592434406	36.90080130845308	37.51849132031202	36.33252649754286	35.863082088530064	36.01132769137621	35.628359884023666	35.653067484498024	35.41834527999163	35.80131308734417	36.24604989588261	35.70248268544674	43.683037638664246	45.017248064279556	46.03025968372822	45.91907548159361	45.4002158716321	45.89436788111925	40.34751157462597	44.510742254555225	42.966517224907875	38.222657933831215	41.23698519170284	44.48603465408087	44.46132705360651	39.346853755414486	45.26432406902313	38.03735093027353	37.382599517703056	38.25971933454275	36.468418300151825
620.0	23.07797537650913	22.620811673812568	25.31983584165573	22.34827177412808	21.600984952412546	21.433944368734956	21.34602827206254	21.917482900433242	21.750442316755652	22.321896945126355	21.548235294409096	22.19002280011773	21.891108071431518	22.45377109013498	21.34602827206254	21.908691290766	21.425152759067714	21.644943000748754	21.57461012341082	21.636151391081512	21.39877793006599	21.873524852097034	22.34827177412808	21.50427724607289	21.372403101064265	21.46031919773668	21.310861833393574	21.636151391081512	21.51306885574013	22.51531235780567	22.251564067788422	21.943857729434967	21.143821249715984	21.266903785057366	21.45152758806944	21.091071591712534	20.78336525335908	21.099863201379776	21.099863201379776	21.152612859383225	21.01194710470736	20.880072959698737	21.06469676271081	21.161404469050467	21.020738714374602	21.45152758806944	21.829566803760827	21.74165070708841	21.1262380303815	21.135029640048742	21.082279982045293	21.029530324041843	20.932822617702186	21.091071591712534	20.871281350031495	20.79215686302632	20.528408573009074	20.73940720502287	21.222945736721158	21.18777929805219	22.093315093778074	22.779060647822917	22.787852257490158	23.552722298540175	22.779060647822917	23.46480620186776	21.34602827206254	23.508764250203967	22.392229822464287	21.01194710470736	21.759233926422894	22.68235294148326	22.840601915493608	21.302070223726332	23.315348837524652	21.055905153043568	21.038321933709085	21.222945736721158	21.091071591712534
665.0	17.434360994026065	17.250287801027298	18.74040412530303	17.02238765731454	16.73312978260219	16.487698858603835	16.540291199460626	17.01362226717174	16.96979531645775	17.390534043312073	16.6805374417454	16.917202975600958	16.829549074172974	16.917202975600958	16.496464248746634	16.812018293887377	16.61917971074581	16.750660562887788	16.496464248746634	16.391279567033052	16.51399502903223	16.750660562887788	16.759425953030586	16.417575737461448	16.303625665605068	16.46140268817544	16.224737154319882	16.46140268817544	16.391279567033052	17.13633772917092	16.73312978260219	16.584118150174618	16.1195524726063	16.154614033177495	16.338687226176262	16.07572552189231	15.953010059893131	15.996837010607123	16.137083252891898	16.084490912035108	15.953010059893131	16.01436779089272	16.093256302177906	16.102021692320704	16.005602400749922	16.1195524726063	16.584118150174618	16.47016807831824	16.137083252891898	16.102021692320704	16.07572552189231	15.96177545003593	16.031898571178317	16.163379423320293	15.979306230321527	15.988071620464325	15.663752185180783	15.672517575323582	16.24226793460548	16.215971764177084	16.698068222030997	16.934733755886555	16.978560706600547	17.495718725025654	16.943499146029353	17.51324950531125	16.251033324748278	17.61843418702483	16.838314464315772	15.96177545003593	16.373748786747456	16.89967219531536	17.101276168599725	16.031898571178317	17.276583971455693	15.874121548607945	15.90918310917914	16.18091020360589	16.198440983891487
673.75	16.42428831104189	16.15799990762025	17.67013762705028	16.13897930737585	15.815629103221	15.796608502976596	15.739546702243388	16.053386606276035	16.100938106887043	16.395757410675287	15.806118803098798	16.062896906398237	15.89171150419861	15.967793905176222	15.634933400899172	15.929752704687417	15.74905700236559	15.901221804320812	15.644443701021373	15.55885099992156	15.577871600165963	15.88220120407641	15.910732104443014	15.55885099992156	15.349624397233129	15.387665597721934	15.283052296377718	15.435217098332942	15.568361300043762	16.100938106887043	15.834649703465402	15.62542310077697	15.083335993811488	15.273541996255517	15.454237698577344	15.273541996255517	15.073825693689287	15.245011095888913	15.168928694911301	15.254521396011114	15.111866894178092	15.197459595277905	15.168928694911301	15.273541996255517	15.111866894178092	15.283052296377718	15.530320099554956	15.55885099992156	15.216480195522308	15.187949295155704	15.330603796988726	15.149908094666898	15.121377194300294	15.264031696133316	15.016763892956078	15.083335993811488	14.883619691245258	14.96921239234507	15.378155297599733	15.378155297599733	15.663464301265776	16.062896906398237	16.01534540578723	16.566942812874913	16.072407206520438	16.576453112997115	15.321093496866524	16.643025213852525	15.95828360505402	15.016763892956078	15.42570679821074	16.034366006031632	16.043876306153834	15.22599049564451	16.34820591006428	15.1594183947891	15.007253592833877	15.368644997477531	15.273541996255517
681.25	15.815580016933382	15.56036527827382	17.02978347055614	15.444358578883111	14.995799341239035	14.964864221401513	14.957130441442132	15.30515053961426	15.397955899126828	15.660904417745769	15.003533121198416	15.281949199736118	15.18914384022355	15.281949199736118	14.872058861888945	15.382488339208066	15.05766958091408	15.096338480710983	14.872058861888945	14.864325081929564	14.902993981726468	15.104072260670364	15.266481639817357	14.80245484225452	14.701915702782571	14.709649482741952	14.508571203798056	14.794721062295139	14.864325081929564	15.405689679086208	15.111806040629745	14.918461541645229	14.32296048477292	14.56270766351372	14.717383262701333	14.539506323635578	14.44670096412301	14.601376563310623	14.43123340420425	14.508571203798056	14.43123340420425	14.44670096412301	14.585909003391862	14.43896718416363	14.493103643879294	14.485369863919914	14.81792240217328	14.80245484225452	14.508571203798056	14.531772543676198	14.454434744082391	14.44670096412301	14.524038763716817	14.624577903188765	14.508571203798056	14.346161824651062	14.19148622546345	14.230155125260353	14.663246802985668	14.67871436290443	15.003533121198416	15.343819439411163	15.274215419776738	15.79237867705524	15.18914384022355	15.831047576852143	14.578175223432481	15.79237867705524	15.18914384022355	14.32296048477292	14.763785942457616	15.274215419776738	15.343819439411163	14.462168524041772	15.490761258639395	14.400298284366727	14.392564504407346	14.593642783351243	14.68644814286381
708.75	13.12541192304343	13.152432843111455	14.017102285288274	13.172698533162475	12.990307322703302	12.868713182397187	12.848447492346168	13.314558363519609	13.12541192304343	13.422642043791711	12.78765042219311	13.321313593536615	12.93626548256725	12.814671342261136	12.69307720195502	13.010573012754321	12.78765042219311	12.733608582057059	12.564727831631899	12.476909841410816	12.578238291665912	12.733608582057059	12.659301051869988	12.422868001274765	12.3553157011047	12.37558139115572	12.20670064073056	12.402602311223745	12.564727831631899	12.59850398171693	12.497175531461835	12.47015461139381	12.051330350339413	12.20670064073056	12.308029090985656	12.368826161138713	12.071596040390432	12.159414030611515	12.085106500424445	12.118882650509477	12.078351270407438	12.335050011053681	12.3553157011047	12.179679720662534	12.024309430271387	12.098616960458457	12.551217371597886	12.422868001274765	12.274252940900624	12.226966330781579	12.20670064073056	12.368826161138713	12.362070931121707	12.578238291665912	12.37558139115572	12.37558139115572	12.078351270407438	12.044575120322406	12.699832431972027	12.632280131801963	12.69307720195502	12.733608582057059	12.632280131801963	13.024083472788334	12.625524901784956	12.868713182397187	12.3553157011047	13.010573012754321	12.503930761478841	12.098616960458457	12.294518630951643	12.517441221512854	12.584993521682918	12.105372190475464	12.591748751699924	12.085106500424445	12.152658800594509	12.30127386096865	12.490420301444829
753.75	11.40416619926691	11.519359797239304	12.08092858735472	11.548158196732402	11.476162197999656	11.490561397746205	11.26017420180142	11.73534779343754	11.555357796605676	11.48336179787293	11.07298460509628	11.958535389509052	11.281773001421243	10.720204211305827	11.000988606363535	11.000988606363535	11.1521802037023	10.763401810545474	10.525815014727414	10.374623417388648	10.417821016628295	10.648208212573081	10.367423817515373	10.381823017261922	10.180234220810235	10.281028619036078	10.065040622837842	10.295427818782628	10.83539780927822	10.439419816248119	10.151435821317136	10.137036621570587	9.957046624738723	10.122637421824038	10.129837021697313	10.461018615867943	10.115437821950763	10.108238222077489	9.949847024865448	10.007443823851645	9.964246224611998	10.389022617135197	10.576212213840336	10.237831019796431	9.993044624105096	10.036242223344743	10.432220216374844	10.41062141675502	10.353024617768824	10.295427818782628	10.115437821950763	10.59781101346016	10.705805011559278	10.82099860953167	10.734603411052376	10.698605411686003	10.237831019796431	10.216232220176607	11.1521802037023	11.252974601928145	10.713004611432552	10.626609412953258	10.389022617135197	10.569012613967061	10.360224217642099	10.237831019796431	10.144236221443862	10.576212213840336	10.043441823218018	9.791455827653408	10.021843023598194	9.993044624105096	9.971445824485272	9.870651426259428	9.942647424992174	10.057841022964567	10.108238222077489	10.41062141675502	10.720204211305827
761.25	3.8383820056915283	4.23571451799944	4.468116553500295	4.295689236838371	4.385651315096766	4.258205037564039	4.243211357854307	4.370657635387033	4.198230318725109	4.2657018774189055	4.190733478870243	4.393148154951632	4.160746119450778	4.085777720902115	4.108268240466714	4.243211357854307	4.093274560756981	4.085777720902115	4.0407966817729175	3.965828283224255	3.9883188027888536	4.123261920176446	4.048293521627784	3.9058535643853247	4.010809322353452	4.048293521627784	3.943337763659656	3.8758662049658597	4.010809322353452	4.0407966817729175	3.913350404240191	3.9283440839499235	3.823388325981796	4.018306162208319	3.883363044820726	3.973325123079121	3.9283440839499235	3.99581564264372	3.9058535643853247	3.93584092380479	3.9058535643853247	3.9583314433693886	4.0407966817729175	3.9583314433693886	3.860872525256127	3.718432568013668	3.8758662049658597	3.883363044820726	3.9283440839499235	3.8683693651109934	3.8158914861269295	3.9208472440950572	3.913350404240191	4.033299841918051	4.093274560756981	3.7259294078685343	3.6734515288844705	3.598483130335808	4.100771400611848	4.0407966817729175	4.033299841918051	4.085777720902115	3.9883188027888536	3.8983567245304585	4.0407966817729175	3.9283440839499235	3.8758662049658597	4.003312482498586	3.965828283224255	3.883363044820726	3.8083946462720633	3.7634136071428657	3.7859041267074645	3.830885165836662	3.546005251351744	3.93584092380479	3.853375685401261	4.033299841918051	4.190733478870243
764.375	5.891467030160129	6.168305422179401	6.5403070114552975	6.272119819186628	6.237515020184219	6.237515020184219	6.168305422179401	6.393236615695059	6.289422218687832	6.289422218687832	6.12504942342639	6.4710974134504795	6.133700623176992	5.813606232404709	5.908769429661334	6.038537425920367	6.038537425920367	5.986630227416754	5.796303832903504	5.744396634399891	5.830908631905913	5.822257432155311	5.804955032654107	5.7790014334023	5.70114063564688	5.666535836644471	5.614628638140857	5.683838236145675	5.917420629411936	5.796303832903504	5.718443035148084	5.5886750388890505	5.528116640634835	5.580023839138448	5.6578846368938684	5.822257432155311	5.666535836644471	5.580023839138448	5.675187036395073	5.4848606418818235	5.605977438390255	5.709791835397482	5.822257432155311	5.683838236145675	5.5886750388890505	5.597326238639653	5.761699033901095	5.753047834150493	5.683838236145675	5.6232798378914595	5.502163041383028	5.804955032654107	5.7790014334023	5.761699033901095	5.839559831656516	5.822257432155311	5.398348644375801	5.458907042630017	5.926071829162538	6.003932626917958	5.839559831656516	5.882815830409527	5.7790014334023	5.787652633152902	5.649233437143266	5.718443035148084	5.562721439637244	5.7790014334023	5.5540702398866415	5.476209442131221	5.562721439637244	5.493511841632426	5.580023839138448	5.562721439637244	5.381046244874597	5.450255842879415	5.562721439637244	5.813606232404709	5.926071829162538
767.5	9.408273034729064	9.75067938817665	10.25111944321543	9.824428448919207	9.661126957274973	9.72434043791145	9.376666294410825	9.845499609131366	9.719072647858411	9.834964029025286	9.371398504357785	10.203709332738072	9.445147565100342	9.050063311122358	9.113276791758835	9.144883532077074	9.418808614835143	9.102741211652756	8.934171929955482	8.723460327833891	8.897297399584204	9.208097012713552	8.74453148804605	8.702389167621732	8.607568946667016	8.791941598523408	8.444267455022782	8.554891046136618	9.187025852501392	8.823548338841647	8.607568946667016	8.50221314560622	8.291501543484628	8.5127487257123	8.428464084863663	8.865690659265965	8.560158836189657	8.560158836189657	8.49167756550014	8.465338615234941	8.533819885924459	8.855155079159886	8.839351709000766	8.702389167621732	8.365250604227185	8.465338615234941	8.828816128894687	8.949975300114602	8.781406018417329	8.786673808470368	8.47587419534102	9.071134471334517	9.039527731016278	8.98684983048588	9.065866681281477	9.081670051440597	8.586497786454856	8.570694416295737	9.397737454622984	9.471486515365541	9.060598891228437	9.160686902236193	8.74979927809909	8.971046460326761	8.802477178629488	8.707656957674772	8.50748093565926	8.860422869212925	8.591765576507896	8.438999664969742	8.4864097754471	8.26516259321943	8.433731874916703	8.433731874916703	8.270430383272469	8.654979057144374	8.4864097754471	8.971046460326761	9.086937841493636
778.75	9.45996318385005	9.83115008007735	10.472773143555969	9.931900809053332	9.873571439646184	9.931900809053332	9.624345952179283	10.133402267005295	9.767518040724099	9.873571439646184	9.454660513903946	10.297785035334527	9.560713912826031	9.178921676706523	9.332699105143547	9.375120464712381	9.566016582772136	9.226645706221461	8.993328228592873	8.9031828395091	8.913788179401308	9.131197647191584	8.887274829670787	8.834248130209744	8.664562691934407	8.706984051503241	8.579719972796738	8.728194731287658	9.226645706221461	8.908485509455204	8.60623332252726	8.595627982635051	8.436547884251922	8.537298613227904	8.696378711611032	8.961512208916247	8.632746672257781	8.516087933443487	8.542601283174008	8.447153224144131	8.542601283174008	8.860761479940265	9.019841578323394	8.781221430748701	8.468363903928548	8.516087933443487	8.892577499616891	8.807734780479223	8.802432110533118	8.68047070177272	8.521390603389591	8.972117548808455	9.067565607838333	9.157710996922106	9.147105657029897	9.030446918215603	8.5319959432818	8.473666573874652	9.486476533580571	9.470568523742259	9.152408326976001	9.078170947730541	8.908485509455204	9.05165759800002	8.79182677064091	8.813037450425327	8.563811962958425	9.01453890837729	8.542601283174008	8.447153224144131	8.478969243820757	8.388823854736984	8.463061233982444	8.452455894090235	8.219138416461647	8.510785263497382	8.590325312688947	8.844853470101953	9.226645706221461
865.0	5.220912219956517	5.911117801442742	6.576673183590174	6.295660911127925	6.335101230069995	6.251290552318096	6.123109515756369	6.468212306499481	6.310451030731201	6.35482138954103	6.024508718401194	6.645693741738796	6.123109515756369	5.733636366203427	5.92097788117826	6.009718598797917	6.093529276549816	5.925907921046019	5.689266007393599	5.595595249906182	5.615315409377217	5.782936764881015	5.575875090435147	5.56601501069963	5.457554133608937	5.482204332947731	5.324443057179451	5.496994452551007	5.822377083823085	5.585735170170665	5.3737434558570385	5.4329039342701435	5.211052140221	5.383603535592556	5.4329039342701435	5.6054553296417	5.398393655195832	5.304722897708416	5.240632379427552	5.2554224990308285	5.304722897708416	5.477274293079972	5.600525289773941	5.40825373493135	5.25049245916307	5.206122100353241	5.4131837747991085	5.358953336253762	5.427973894402385	5.2751426585018635	4.930039867758751	5.5709450505673885	5.403323695063591	5.324443057179451	5.36881341598928	5.191331980749965	4.589867116883397	4.387735482305288	5.620245449244976	5.521644651889801	5.792796844616532	5.68433596752584	5.6054553296417	5.64489564858377	5.457554133608937	5.437833974137902	5.358953336253762	5.5117845721542835	5.285002738237381	5.211052140221	5.28993277810514	4.939899947494268	5.023710625246167	5.181471901014447	4.58000703714788	5.270212618634105	5.32937309704721	5.4920644126832485	5.812517004087567
885.0	4.377697512507439	5.279635190963745	5.978086929768324	5.708605550229549	5.769101370126009	5.697606310248375	5.620611630380154	5.813098330050707	5.818597950041294	5.835096810013056	5.477621510624886	6.060581229627132	5.6646085903048515	5.252137091010809	5.38962759077549	5.444623790681362	5.5931135304272175	5.439124170690775	5.23013861104846	5.0541507713496685	5.114646591246128	5.263136330991983	5.114646591246128	5.076149251312017	4.97165647149086	5.059650391340256	4.894661791622639	5.048651151359081	5.384127970784903	5.076149251312017	4.894661791622639	4.944158371537924	4.784669391810894	4.878162931650877	4.9826557114720345	5.136645071208477	4.9111606515944	4.856164451688528	4.7956686317920685	4.718673951923847	4.823166731745005	4.993654951453209	5.153143931180239	4.955157611519098	4.707674711942673	4.790169011801481	4.938658751547337	4.828666351735592	4.927659511566162	4.669177372008562	4.300702832639217	4.9606572315096855	4.762670911848545	4.674676991999149	4.691175851970911	4.55368535220623	3.9047301933169365	3.6242495737969875	4.927659511566162	4.757171291857958	5.279635190963745	5.2191393710672855	5.1256458312273026	5.180642031133175	4.916660271584988	4.944158371537924	4.938658751547337	4.993654951453209	4.779169771820307	4.801168251782656	4.828666351735592	4.3941963724792	4.476690672338009	4.735172811895609	3.915729433298111	4.817667111754417	4.806667871773243	5.004654191434383	5.191641271114349
900.0	2.8461139937862754	3.6003844868391752	4.223914761096239	4.007690553087741	4.163573121652007	4.012719023041427	4.073060662485659	4.198772411327809	4.148487711790949	4.123345362022519	3.897064214106649	4.233971701003611	4.068032192531973	3.856836454477161	3.912149623967707	3.977519733365625	4.068032192531973	3.851807984523475	3.811580224893987	3.660726126283407	3.766323995310813	3.866893394384533	3.746210115496069	3.801523284986615	3.650669186376035	3.625526836607605	3.5802706070244312	3.645640716422349	3.851807984523475	3.746210115496069	3.5752421370707452	3.615469896700233	3.5752421370707452	3.5199289675801992	3.650669186376035	3.700953885912895	3.5752421370707452	3.5350143774412572	3.5601567272096872	3.4797012079507113	3.5651851971633732	3.620498366653919	3.705982355866581	3.655697656329721	3.4646157980896533	3.5249574375338852	3.4595873281359673	3.4495303882285953	3.5702136671170592	3.4193595685064793	3.0925090215168893	3.6104414267465472	3.3489609891548753	3.2433631201274693	3.2986762896180153	3.2282777102664113	2.6298897857777774	2.3834947580471635	3.3992456886917353	3.2131923004053533	3.826665634755045	3.756267055403441	3.736153175588697	3.695925415959209	3.630555306561291	3.635583776514977	3.5752421370707452	3.5601567272096872	3.4646157980896533	3.5500997873023152	3.5149004976265132	3.2182207703590393	3.2483915900811553	3.5098720276728272	2.8260001139715314	3.4998150877654552	3.4696442680433393	3.650669186376035	3.761295525357127
940.0	1.1553780902177095	1.6155710583552718	1.8701458917930722	1.7950789537280798	1.935421490110457	1.866882111877203	1.92236637044698	1.8962561311200261	1.9550041696056724	2.003960868343711	1.9419490499421954	1.9615317294374108	1.8897285712882876	1.866882111877203	1.9713230691850185	1.96479550935328	1.92236637044698	1.9060474708676338	1.9125750306993723	1.8897285712882876	1.8375080926343799	1.909311250783503	1.8636183319613338	1.8701458917930722	1.8636183319613338	1.8146616332232952	1.7754962742328644	1.9125750306993723	1.8570907721295953	1.8048702934756875	1.8864647913724184	1.9125750306993723	1.798342733643949	1.7754962742328644	1.7657049344852567	1.8211891930550337	1.8146616332232952	1.755913594737649	1.785287613980472	1.7754962742328644	1.7918151738122106	1.7820238340646029	1.798342733643949	1.7265395754948258	1.7363309152424335	1.742858475074172	1.7232757955789566	1.6612639771774411	1.7167482357472181	1.6514726374298334	1.45238206256181	1.7493860349059105	1.6025159386917949	1.5013387612998486	1.5046025412157178	1.4327993830665946	1.174960769712925	1.050937132909894	1.465437182225287	1.3675237847492099	1.8375080926343799	1.798342733643949	1.8636183319613338	1.785287613980472	1.840771872550249	1.713484455831349	1.824452972970903	1.6939017763361335	1.742858475074172	1.7885513938963413	1.853826992213726	1.576405699364841	1.6220986181870103	1.7918151738122106	1.3805789044126868	1.7461222549900413	1.7657049344852567	1.8081340733915567	1.7885513938963413
1020.0	2.7809324199333787	3.6074333139695227	4.103333850391209	3.581503874156624	3.7111510732211173	3.814868832472712	3.4162036953493953	3.9185865917243063	3.600950954016298	3.5879862341098487	3.374068355653435	3.9574807514436543	3.3189682960510254	3.1115327775478363	3.234697616659105	3.364344815723598	3.2800741363316774	3.199044636916369	3.3124859360978007	3.0272620981559157	3.0953268776647747	3.254144696518779	2.962438498623669	3.2217328967526555	3.0175385582260787	2.9073384390212595	2.7614853400737047	2.9170619789510965	3.442133135162294	3.0142973782494664	2.913820798974484	3.0564327179454267	2.8457560194656253	2.8976148990914226	3.040226818062365	3.2703505964018404	3.0272620981559157	3.1147739575244486	3.1439445773139596	3.0175385582260787	3.1309798574075103	3.3870330755598843	3.3967566154897213	3.199044636916369	3.0434679980389774	3.32545065600425	3.552333254367113	3.4972331947647035	3.42268605530262	3.3416565558873117	2.784173599909991	3.6041921339929104	4.339939988683909	3.925068951677531	4.297804648987949	4.3917988683097064	3.766251132823527	3.4875096548348665	4.395040048286319	5.31553516164422	3.3773095356300473	3.208768176846206	3.2735917763784528	3.2022858168929815	3.0661562578752637	2.9948502983897924	3.040226818062365	3.4194448753260076	3.108291597571224	2.920303158927709	3.0434679980389774	2.9559561386704445	3.0467091780155897	3.098568057641387	3.08884451771155	3.0823621577583253	3.2217328967526555	3.2022858168929815	3.727356973104179
Wavelength	Pin 1	Pin 2	Pin 3	Pin 4	Pin 5	Pin 6	Pin 7	Pin 8	Pin 9	Pin 10	Pin 11	Pin 12	Pin 13	Pin 14	Pin 15	Pin 16	Pin 17	Pin 18	Pin 19	Pin 20	Pin 21	Pin 22	Pin 23	Pin 24	Pin 25	Pin 26	Pin 27	Pin 28	Pin 29	Pin 30	Pin 31	Pin 32	Pin 33	Pin 34	Pin 35	Pin 36	Pin 37	Pin 38	Pin 39	Pin 40	Pin 41	Pin 42	Pin 43	Pin 44	Pin 45	Pin 46	Pin 47	Pin 48	Pin 49	Pin 50	Pin 51	Pin 52	Pin 53	Pin 54	Pin 55	Pin 56	Pin 57	Pin 58	Pin 59	Pin 60	Pin 61	Pin 62	Pin 63	Pin 64	Pin 65	Pin 66	Pin 67	Pin 68	Pin 69	Pin 70	Pin 71	Pin 72	Pin 73	Pin 74	Pin 75	Pin 76	Pin 77	Pin 78	Pin 79
